model,accuracy,precision,recall,f1_score,auc
Logistic Regression,0.8658751099384345,0.8554216867469879,0.33569739952718675,0.4821731748726655,0.9042866101385361
BERT,0.0,0.0,0.0,0.0,0.5
